paraphrase_level,nli_entailment,nli_neutral,nli_contradiction
light,0.9691318781657032,0.019409250730229578,0.011458871427236528
medium,0.9572890373600643,0.022394278143481116,0.020316684825201034
strong,0.8413884939848847,0.09187107008463836,0.0667404354176289
