model,paraphrase_level,n,accuracy,consistency
llama2_7b,light,4062,0.24027572624322993,0.4052191038897095
llama2_7b,original,2000,0.2625,1.0
mistral_7b,light,4062,0.43082225504677496,0.8924175283111767
mistral_7b,original,2000,0.474,1.0
yi_6b,light,4062,0.6134908911866076,0.8599212210733629
yi_6b,original,2000,0.6455,1.0
