model,paraphrase_level,n,accuracy,consistency
llama2_7b,light,3995,0.24330413016270339,0.407008760951189
llama2_7b,original,2000,0.2625,1.0
mistral_7b,light,3995,0.4322903629536921,0.8933667083854818
mistral_7b,original,2000,0.474,1.0
yi_6b,light,3995,0.6165206508135169,0.8623279098873592
yi_6b,original,2000,0.6455,1.0
